record,method,fit_minutes,n_samples,n_true_clusters,n_pred_clusters,acc,ari,ami,nmi,homogeneity,completeness,v_measure,silhouette,dbscan_score,dbscan_eps,dbscan_min_samples,dbscan_retained_fraction,dbscan_n_clusters_no_noise,dec_k,dec_auto_k_silhouette
100,CAE+DPGMM,0.7764697313308715,2272,3,11,0.985475352112676,0.0012206810523189057,0.003018328676719154,0.005983753220109883,0.07220318872879926,0.0031212098848588674,0.005983753220109883,0.1388757824897766,,,,,,,
100,CAE+DBSCAN,0.6730183045069377,2272,3,3,0.9850352112676056,-0.0102248403938146,0.01076264691645588,0.013909498163037062,0.026764868292374563,0.009396356538397271,0.013909498163037062,0.3642413318157196,0.4581950008869171,0.7380285713707383,10.0,0.9498239436619719,2.0,,
100,DEC,1.0663855115572611,2272,3,2,0.9850352112676056,0.0008403123781121489,0.0007875704658767909,0.002155492950225577,0.010432558295339263,0.0012019111816765943,0.002155492950225577,0.2949044108390808,,,,,,2,0.35528719425201416
100,HDP-GPC,nan,2272,3,2,0.985475352112676,0.05632335490745094,0.09117686138271396,0.09194644466283734,0.048188607917029856,0.9999999999999961,0.09194644466283734,0.936472475528717,,,,,,,
101,CAE+DPGMM,0.5601725459098816,1865,3,14,0.9983914209115281,0.015884209411486796,0.028838548784024146,0.031961714456127506,0.4710471128938575,0.01654206736958503,0.031961714456127506,-0.1277562528848648,,,,,,,
101,CAE+DBSCAN,0.5454544385274251,1865,3,3,0.9973190348525469,0.05913027027389369,0.04521292541091874,0.048131027262843705,0.1908777165362873,0.02753737561908738,0.048131027262843705,0.41550594568252563,0.47482946515083313,0.7536928349588073,5.0,0.9715817694369974,2.0,,
101,DEC,0.8721376657485962,1865,3,3,0.9983914209115281,0.004331129030286581,0.021625615888990434,0.023627385870036145,0.41821553823212854,0.012157105107915232,0.023627385870036145,0.3489564061164856,,,,,,3,0.35968348383903503
101,HDP-GPC,nan,1865,3,2,0.9983914209115281,0.5705083283503228,0.5838933748411567,0.5844295425847805,0.41285796798267627,1.0000000000001055,0.5844295425847805,0.9201911687850952,,,,,,,
102,CAE+DPGMM,0.6368903875350952,2187,4,15,0.9949702789208962,0.15537768166669674,0.3567626624128111,0.36161095045136743,0.9384824729923922,0.22395132757166045,0.3616109504513675,0.14240281283855438,,,,,,,
102,CAE+DBSCAN,0.6335229277610779,2187,4,4,0.9721079103795153,0.5020656548341338,0.5225845501556236,0.5245417786769777,0.7503775157285704,0.4031950556484744,0.5245417786769776,0.459846556186676,0.6568993926048279,0.4081590306056352,10.0,0.8747142203932328,3.0,,
102,DEC,0.9880256692568461,2187,4,2,0.9465020576131687,0.6533009475674957,0.48729716102013143,0.4884802086451888,0.4600959018429785,0.5205969557241812,0.4884802086451888,0.674919605255127,,,,,,2,0.7565457820892334
102,HDP-GPC,nan,2187,4,10,0.9908550525834476,0.32815289257780805,0.4479943810485387,0.45203117810949534,0.8719499454878286,0.3050995485732514,0.4520311781094953,0.18604467809200287,,,,,,,
103,CAE+DPGMM,0.6404640436172485,2084,2,28,0.9990403071017274,0.00029585640256032264,0.0012018136353446373,0.0026668282662774315,0.4714048801570271,0.0013371965223687903,0.0026668282662774315,0.1506563276052475,,,,,,,
103,CAE+DBSCAN,0.6122198740641276,2084,2,3,0.9990403071017274,0.002530723490526095,0.0035752683268600806,0.004688008318236927,0.2788753481126454,0.0023638729935855176,0.004688008318236927,0.17944374680519104,0.23468084633350372,0.537675189984343,10.0,0.8905950095969289,2.0,,
103,DEC,0.9685381174087524,2084,2,2,0.9990403071017274,0.0001313249853864881,0.0010435406352288473,0.0019922722061228547,0.09144382512408625,0.0010071069431852888,0.0019922722061228547,0.3089042603969574,,,,,,2,0.3641001582145691
103,HDP-GPC,nan,2084,2,4,0.9990403071017274,-0.001778851176915682,-0.0011229798008372644,0.00027775214220753674,0.001702642803679016,0.00015120947270610158,0.00027775214220753674,0.020478155463933945,,,,,,,
104,CAE+DPGMM,0.6459724148114522,2229,5,24,0.9506505159264244,0.40614197326582624,0.5065630960746064,0.511577709951023,0.864911461705598,0.3632022683126323,0.5115777099510229,0.25401148200035095,,,,,,,
104,CAE+DBSCAN,0.6361151456832885,2229,5,4,0.7886944818304172,0.5214210829142714,0.5225651377612865,0.5238239625110085,0.5852114909165913,0.47409258739714155,0.5238239625110085,0.3165145814418793,0.5626264214515686,0.3454194018020082,10.0,0.7312696276357111,3.0,,
104,DEC,0.990957216421763,2229,5,4,0.9102736653207717,0.8162370654106128,0.6945272068834989,0.6953819784692957,0.7514893091700856,0.6470706994184265,0.6953819784692958,0.5029709935188293,,,,,,4,0.5301764607429504
104,HDP-GPC,nan,2229,5,15,0.9183490354419022,0.33468422147799537,0.49283682924688105,0.49632068283669795,0.7851543754262125,0.3628423511852763,0.4963206828366979,0.11540232598781586,,,,,,,
105,CAE+DPGMM,0.7606431444485983,2572,3,35,0.9922239502332815,0.031267352893885436,0.08159021698188132,0.08649232212072368,0.761912481405068,0.045848523789092065,0.08649232212072369,0.28011125326156616,,,,,,,
105,CAE+DBSCAN,0.7432760159174602,2572,3,5,0.9821150855365475,0.03304261771522243,0.012395937179641783,0.016411581017217104,0.0260678810861908,0.011975505905510565,0.0164115810172171,0.542795717716217,0.5855530500411987,1.4924417857437993,3.0,0.9572317262830482,4.0,,
105,DEC,1.1493249654769897,2572,3,2,0.9821150855365475,-4.824312683791927e-05,-0.0010032620853289295,7.01001158967961e-05,0.00028832585567120216,3.9900527567807136e-05,7.01001158967961e-05,0.30450356006622314,,,,,,2,0.4362271726131439
105,HDP-GPC,nan,2572,3,4,0.9863919129082426,0.6609336578964566,0.4936285650750802,0.4957791016178119,0.6189548417142129,0.41349175318768505,0.4957791016178119,0.4947921633720398,,,,,,,
106,CAE+DPGMM,0.5997517188390096,2027,2,19,0.9985199802664035,0.4352222510321041,0.5463250604284963,0.5485084488719659,0.993697589795544,0.3788008548484985,0.5485084488719658,0.36988046765327454,,,,,,,
106,CAE+DBSCAN,0.5848832845687866,2027,2,4,0.9990133201776024,0.9087448335561874,0.797623336494031,0.7978360047233616,0.9910878323001928,0.6676509984765923,0.7978360047233615,0.6203531622886658,0.6812926530838013,0.4761909924377116,10.0,0.9373458312777504,3.0,,
106,DEC,0.9235617438952128,2027,2,4,0.8672915638875185,0.3045404520951317,0.37730711640394926,0.3778832954257987,0.5343124593601671,0.29230575677063064,0.3778832954257987,0.45676562190055847,,,,,,4,0.6689202189445496
106,HDP-GPC,nan,2027,2,4,0.9916132215096202,0.8908100913008891,0.7678509535253595,0.7681049213737592,0.9191332625816723,0.6597048332581681,0.7681049213737592,0.6627891659736633,,,,,,,
107,CAE+DPGMM,0.7298173268636067,2137,2,10,1.0,0.08595917419096498,0.19422741781412128,0.19630084664657224,1.0000000000000004,0.10883236613024448,0.19630084664657224,0.18540309369564056,,,,,,,
107,CAE+DBSCAN,0.6403491854667663,2137,2,3,0.9751988769302761,0.5884314642623284,0.47148457584139786,0.4726545718870968,0.6864816051838737,0.36039715197459393,0.4726545718870967,0.6965389251708984,0.8906807899475098,0.3838434923765385,5.0,0.941974730931212,2.0,,
107,DEC,1.0575922131538391,2137,2,2,0.99719232569022,0.9421938206707546,0.8830112091609053,0.8832739192085302,0.8477840547890174,0.9218649518782858,0.88327391920853,0.8824214339256287,,,,,,2,0.8843552470207214
107,HDP-GPC,nan,2137,2,6,0.99719232569022,0.0947880763319276,0.23516215936240387,0.23649596028788356,0.8503568578475821,0.1373470311648505,0.23649596028788356,0.20303793251514435,,,,,,,
108,CAE+DPGMM,0.5221429109573364,1763,5,15,0.9909245604083948,0.014369497310339405,0.0415402522732115,0.04839324235397134,0.47157787808014096,0.025505295752302738,0.04839324235397135,0.2963552474975586,,,,,,,
108,CAE+DBSCAN,0.5096371372540792,1763,5,4,0.9869540555870675,0.006047320688247707,0.015635798781771265,0.020867834473796323,0.16663736903672152,0.011130871290422886,0.020867834473796327,0.5226731300354004,0.8452853560447693,0.20531390353401796,10.0,0.7600680657969371,3.0,,
108,DEC,0.790731155872345,1763,5,2,0.9869540555870675,-0.0002020690565034633,0.003494827727765744,0.0071619372164711875,0.034072200808109125,0.0040015267571851115,0.007161937216471186,0.7736815810203552,,,,,,2,0.7736815810203552
108,HDP-GPC,nan,1763,5,2,0.9926262053318208,0.7588444595901775,0.6140858903390437,0.6161413279747652,0.580671789931504,0.6562259904957596,0.6161413279747652,0.16514720022678375,,,,,,,
109,CAE+DPGMM,0.7247973879178365,2532,3,16,0.9988151658767772,0.14674574720455233,0.22072648003558945,0.22441180465191288,0.9668915985479795,0.1269366560666994,0.22441180465191288,0.391463041305542,,,,,,,
109,CAE+DBSCAN,0.7298311392466227,2532,3,3,0.9842022116903634,0.12918875774979416,0.11491769297530308,0.11688719482330877,0.4448329963462761,0.06728352440715013,0.1168871948233088,0.3736487627029419,0.46628642082214355,0.31064506330562663,10.0,0.8996840442338072,2.0,,
109,DEC,1.1307289401690166,2532,3,2,0.9842022116903634,0.36748754342535606,0.26695736285960375,0.268609381909673,0.47480071744117547,0.1872796116862472,0.268609381909673,0.6680103540420532,,,,,,2,0.8934539556503296
109,HDP-GPC,nan,2532,3,8,0.9980252764612955,0.15540559101914633,0.2212646613799997,0.22435810068342832,0.9028207483259597,0.12809541216231168,0.2243581006834283,0.400437593460083,,,,,,,
111,CAE+DPGMM,0.6185726483662923,2124,2,18,1.0,0.0011586692929741944,0.005299288400407843,0.006236540921292393,1.00000000000002,0.003128024487004199,0.006236540921292392,0.21085257828235626,,,,,,,
111,CAE+DBSCAN,0.6018391688664754,2124,2,3,0.9995291902071564,0.012234093435419802,0.009047193775094468,0.009967463248016546,0.31945260381057444,0.005062714261391233,0.009967463248016546,0.5704206824302673,0.767070472240448,0.6920459117461971,5.0,0.9369114877589454,2.0,,
111,DEC,0.9415552695592244,2124,2,2,0.9995291902071564,-8.824933282878204e-06,-6.3375320827684715e-06,0.0009300990754418292,0.07951710859341718,0.00046778534340539475,0.000930099075441829,0.27562278509140015,,,,,,2,0.7548062801361084
111,HDP-GPC,nan,2124,2,2,1.0,1.0,1.0,1.0,1.0,1.0,1.0,0.6884756684303284,,,,,,,
112,CAE+DPGMM,0.7835304101308187,2539,2,25,0.9992122883024813,0.0002304882235594925,0.0008633475907749038,0.0020519321055542604,0.41167241411681843,0.0010285293437696944,0.00205193210555426,0.08392175287008286,,,,,,,
112,CAE+DBSCAN,0.7239604353904724,2539,2,3,0.9992122883024813,0.029190427882478925,0.027994543777724538,0.029012794781689614,0.4796038890661029,0.014958852132114493,0.02901279478168961,0.2495983988046646,0.3947727680206299,0.8230437334641016,5.0,0.9531311539976368,2.0,,
112,DEC,1.1393579522768655,2539,2,2,0.9992122883024813,6.371508569371454e-05,-0.0007621918884605806,2.335308892093753e-05,0.0012545512324463731,1.1786243122655094e-05,2.3353088920937533e-05,0.19763527810573578,,,,,,2,0.22924090921878815
112,HDP-GPC,nan,2539,2,3,0.9992122883024813,-0.001438862018732166,-0.0005529070242294242,0.00044186341818874873,0.009291113224728894,0.0002263131692117077,0.00044186341818874873,0.09232166409492493,,,,,,,
113,CAE+DPGMM,0.5749061942100525,1794,2,19,1.0,0.0021039084571937944,0.018052753274470475,0.020444833738535874,0.999999999999973,0.01032799392862966,0.02044483373853587,-0.025698605924844742,,,,,,,
113,CAE+DBSCAN,0.5175738294919332,1794,2,3,0.9966555183946488,0.13080756159798065,0.08377567969261161,0.08614322307195939,0.3614457012814503,0.0488986049379537,0.08614322307195939,0.4238033592700958,0.5251721739768982,0.6316740727606391,5.0,0.9665551839464883,2.0,,
113,DEC,0.8238500157992045,1794,2,2,0.9966555183946488,-3.7067367321130775e-06,-0.000875395683747079,1.3118570902827287e-06,2.0945390536365837e-05,6.771337528751797e-07,1.3118570902827287e-06,0.3888538181781769,,,,,,2,0.4025070071220398
113,HDP-GPC,nan,1794,2,3,0.9972129319955407,0.004100901940844562,0.01483969804146172,0.01577513520649703,0.25350989403894186,0.008140857780890829,0.015775135206497027,0.16616109013557434,,,,,,,
114,CAE+DPGMM,0.5460041642189025,1879,5,21,0.9909526343799894,0.019250506918801466,0.10159544783951924,0.10983358841352465,0.7519091205447287,0.05924374899806303,0.10983358841352464,0.12990877032279968,,,,,,,
114,CAE+DBSCAN,0.5294334371884664,1879,5,3,0.9893560404470463,0.247973241953498,0.3220526671328745,0.32582698715060954,0.6546884915697532,0.21688290336057098,0.32582698715060954,0.130480095744133,0.6102614998817444,0.5847574356301011,10.0,0.8658861096327833,2.0,,
114,DEC,0.8337855180104573,1879,5,4,0.9909526343799894,0.045533891955320906,0.16543360116419922,0.1694087774161764,0.6895606739155912,0.09656643534938167,0.1694087774161764,0.3592936396598816,,,,,,4,0.3838840425014496
114,HDP-GPC,nan,1879,5,4,0.9909526343799894,0.7252394995863678,0.6607334188430481,0.6634128754756722,0.6942473180493879,0.6352009312199799,0.6634128754756722,0.22706292569637299,,,,,,,
115,CAE+DPGMM,0.5961662650108337,1952,1,22,1.0,0.0,0.0,0.0,1.0,0.0,0.0,0.08692658692598343,,,,,,,
115,CAE+DBSCAN,0.562246016661326,1952,1,3,1.0,0.0,0.0,0.0,1.0,0.0,0.0,0.17303693294525146,0.2405322790145874,0.54194285890812,5.0,0.9795081967213115,2.0,,
115,DEC,0.8894667188326517,1952,1,2,1.0,0.0,0.0,0.0,1.0,0.0,0.0,0.44754117727279663,,,,,,2,0.4476953446865082
115,HDP-GPC,nan,1952,1,3,1.0,0.0,0.0,0.0,1.0,0.0,0.0,0.2289787083864212,,,,,,,
116,CAE+DPGMM,0.6850633819897969,2411,3,25,0.9991704686851929,0.12609255239770198,0.27094185609493904,0.2742624807148526,0.978681339375201,0.15947688217235173,0.2742624807148526,0.21076801419258118,,,,,,,
116,CAE+DBSCAN,0.6833142280578612,2411,3,3,0.9950228121111572,0.5783973702985558,0.5760152562897684,0.5768832643778401,0.89482033307815,0.4256472679703234,0.57688326437784,0.5979531407356262,0.7637169361114502,0.37902369241015055,10.0,0.9398589796764828,2.0,,
116,DEC,1.0605163772900899,2411,3,2,0.9543757776856077,0.09519164719388871,0.12470656962653068,0.12571002250108743,0.27613028420942815,0.0813792048173601,0.12571002250108743,0.4248896837234497,,,,,,2,0.7738932371139526
116,HDP-GPC,nan,2411,3,7,0.9991704686851929,0.18111558405481212,0.3538967392734132,0.35578792064264775,0.9647749484358988,0.21811130143999996,0.3557879206426478,0.15094439685344696,,,,,,,
117,CAE+DPGMM,0.4442809422810872,1535,2,12,0.9993485342019544,0.0007187158259924064,0.0011962489122654177,0.0024972478079592878,0.3436108804006682,0.0012531777402276663,0.002497247807959288,0.2918051481246948,,,,,,,
117,CAE+DBSCAN,0.4292306900024414,1535,2,3,0.9993485342019544,-0.0012311636996907582,-0.0009753631958949849,0.00029760035045620553,0.00543740470217136,0.0001529868169093085,0.00029760035045620553,0.403184711933136,0.6911448836326599,0.25530467581686545,5.0,0.958957654723127,2.0,,
117,DEC,0.6837172547976176,1535,2,2,0.9993485342019544,0.0003881321645574466,0.00027858803681989584,0.0015715223090775753,0.09985899331908912,0.0007919931162755023,0.001571522309077575,0.5808795094490051,,,,,,2,0.5884209871292114
117,HDP-GPC,nan,1535,2,4,0.9993485342019544,-0.00024630470899884816,-0.0002503797388842849,0.0010477409389394656,0.10881137619352035,0.000526404836356729,0.0010477409389394656,0.5200960636138916,,,,,,,
118,CAE+DPGMM,0.6718761205673218,2278,3,22,0.9574187884108868,0.04937919012540263,0.062141300773014836,0.0676678174328224,0.2323091849078612,0.039601545880076014,0.06766781743282241,0.168326735496521,,,,,,,
118,CAE+DBSCAN,0.638405191898346,2278,3,4,0.9508340649692713,0.10803724421145454,0.05001316312257388,0.05255828881747955,0.08212692357830854,0.03864478259747729,0.05255828881747956,0.07468115538358688,0.16553868353366852,0.486562827408504,5.0,0.8463564530289728,3.0,,
118,DEC,1.0043688774108888,2278,3,3,0.9508340649692713,0.03088713711407469,0.02690660618666558,0.02829882069918401,0.05885649819318458,0.018627577523923734,0.028298820699184008,0.36688557267189026,,,,,,3,0.4102197289466858
118,HDP-GPC,nan,2278,3,5,0.9578577699736611,0.24724332367514967,0.30689016427331706,0.31070581663387636,0.19616722715397739,0.7466778847031373,0.31070581663387636,0.6937984228134155,,,,,,,
119,CAE+DPGMM,0.5967528621355692,1987,2,12,1.0,0.2898006709517664,0.5043124229699221,0.5056853177059679,1.0,0.338406176220964,0.5056853177059679,0.180038720369339,,,,,,,
119,CAE+DBSCAN,0.5868976950645447,1987,2,3,0.9431303472571716,0.7774055361397424,0.6884604954111849,0.6886999086088443,0.8515969545706027,0.5781155378706804,0.6886999086088443,0.4946783483028412,0.7136999368667603,0.18777462834809833,10.0,0.8862606945143432,2.0,,
119,DEC,0.9243197719256083,1987,2,2,1.0,1.0,1.0,1.0,1.0,1.0,1.0,0.6864318251609802,,,,,,2,0.6860185861587524
119,HDP-GPC,nan,1987,2,3,1.0,0.9995047885221089,0.996647418534157,0.9966506866826566,0.9999999999999998,0.9933237342710295,0.9966506866826566,0.6862496733665466,,,,,,,
121,CAE+DPGMM,0.5547075351079305,1863,3,9,0.9994632313472893,0.004533928621282045,0.016249873973196088,0.01833710998422548,0.5108454453755019,0.009336117824395394,0.01833710998422548,0.24733197689056396,,,,,,,
121,CAE+DBSCAN,0.5422272443771362,1863,3,4,0.9989264626945786,0.021965944731558443,0.015938086049250642,0.017962583963556527,0.19440479230836566,0.009416315619666023,0.017962583963556523,0.36750417947769165,0.399726927280426,0.9880628243815411,3.0,0.9618894256575417,3.0,,
121,DEC,0.8448950807253519,1863,3,3,0.9989264626945786,0.0021555060844281712,0.008933308037802333,0.011035586424568727,0.4296782008096913,0.005589572759333529,0.011035586424568727,0.2500014007091522,,,,,,3,0.2716864347457886
121,HDP-GPC,nan,1863,3,4,0.9994632313472893,0.056889307768215616,0.08925911511527951,0.0910629294274072,0.5010001862275418,0.05008307096250339,0.09106292942740721,0.4437390863895416,,,,,,,
122,CAE+DPGMM,0.8040728370348613,2476,1,15,1.0,0.0,0.0,0.0,1.0,0.0,0.0,0.07185060530900955,,,,,,,
122,CAE+DBSCAN,0.7282461881637574,2476,1,5,1.0,0.0,0.0,0.0,1.0,0.0,0.0,-0.13708703219890594,-0.1270720511674881,0.6327144919452203,3.0,0.9705169628432956,4.0,,
122,DEC,1.1602188229560852,2476,1,2,1.0,0.0,0.0,0.0,1.0,0.0,0.0,0.35756585001945496,,,,,,2,0.3585706651210785
122,HDP-GPC,nan,2476,1,1,1.0,1.0,1.0,1.0,1.0,1.0,1.0,nan,,,,,,,
123,CAE+DPGMM,0.4579978982607523,1518,2,14,1.0,0.0020628173874611116,0.014536113729138175,0.016547886994005702,1.000000000000006,0.008342972782401474,0.016547886994005705,0.05208616331219673,,,,,,,
123,CAE+DBSCAN,0.42891021172205607,1518,2,4,0.9980237154150198,0.012829402485713301,0.010503031876706492,0.01223172423565423,0.24168745444954715,0.006274640895327597,0.01223172423565423,-0.0854194164276123,-0.02730553038418293,0.4973205950713449,10.0,0.8247694334650857,3.0,,
123,DEC,0.6870085875193278,1518,2,3,1.0,0.007822665779663096,0.03845103450297239,0.03964740701769636,0.9999999999999645,0.02022463058922497,0.039647407017696354,0.44937026500701904,,,,,,3,0.4590771794319153
123,HDP-GPC,nan,1518,2,3,1.0,0.04099297561825762,0.08775247860852947,0.08948572300396393,0.9999999999999393,0.0468385523633278,0.08948572300396393,0.08298186957836151,,,,,,,
124,CAE+DPGMM,0.4562068819999695,1619,6,17,0.9765287214329833,0.11730400568442415,0.2563249205582409,0.265022041711299,0.5631741344827201,0.1732834253003255,0.265022041711299,0.34000164270401,,,,,,,
124,CAE+DBSCAN,0.45462538798650104,1619,6,5,0.9598517603458925,0.6160615015318804,0.46812096391815766,0.4733230318552119,0.4284504120105219,0.5286944451798724,0.47332303185521185,0.7065381407737732,0.7669076919555664,0.40160253989830846,3.0,0.958616429894997,4.0,,
124,DEC,0.7151238203048706,1619,6,2,0.9746757257566399,0.7055968571404909,0.6609545120063246,0.6629879445087058,0.49966729219711287,0.9849166059894281,0.6629879445087058,0.8684871196746826,,,,,,2,0.8908237218856812
124,HDP-GPC,nan,1619,6,9,0.9752933909820877,0.18736496089310564,0.2978772649472318,0.30592101984042563,0.5423017901889594,0.21305410590084345,0.3059210198404257,0.1775853931903839,,,,,,,
200,CAE+DPGMM,0.749157186349233,2601,4,15,0.9703960015378701,0.866184246773755,0.7346490180073627,0.736255767995107,0.8502987593054296,0.6491862098244401,0.736255767995107,0.4374808073043823,,,,,,,
200,CAE+DBSCAN,0.7483301679293315,2601,4,3,0.8823529411764706,0.5940067015351711,0.5554213509450876,0.5560731124463624,0.6753092376931142,0.4726241284428854,0.5560731124463624,0.4757610857486725,0.9021475315093994,0.14158273920857753,10.0,0.778162245290273,2.0,,
200,DEC,1.15496164560318,2601,4,2,0.9438677431757017,0.7950963535153261,0.7196772504107917,0.719953471889783,0.6664114112937854,0.782850714792096,0.7199534718897831,0.8613801002502441,,,,,,2,0.8613801002502441
200,HDP-GPC,nan,2601,4,16,0.9777008842752788,0.8139814043329263,0.6722080955744918,0.6742420260339793,0.8355186554129242,0.5651529452533698,0.6742420260339794,0.4559575915336609,,,,,,,
201,CAE+DPGMM,0.573750619093577,1963,7,15,0.9735099337748344,0.7740693174936479,0.7095807948074159,0.7134930742543698,0.7967989485946295,0.6459577502366335,0.7134930742543698,0.3163180351257324,,,,,,,
201,CAE+DBSCAN,0.571673834323883,1963,7,3,0.8807947019867549,0.7018805407657492,0.5377591608743263,0.5395647713065876,0.49167556848953614,0.5977894685139522,0.5395647713065876,0.6114015579223633,0.8733940720558167,0.24907172935352856,5.0,0.7947019867549668,2.0,,
201,DEC,0.8845975240071614,1963,7,4,0.9623025980641875,0.8809795914530473,0.7804077441999819,0.7818108333583568,0.7102424053343148,0.8694188686681176,0.7818108333583567,0.8169214129447937,,,,,,4,0.8180264234542847
201,HDP-GPC,nan,1963,7,10,0.9735099337748344,0.3514714618655963,0.5469616322065982,0.5512948161205596,0.7759934890778362,0.42750528494386897,0.5512948161205595,0.04582379758358002,,,,,,,
202,CAE+DPGMM,0.6311384479204813,2136,5,22,0.9822097378277154,0.037390863671402166,0.1219286895082319,0.12899359849992365,0.5720435050995129,0.07269276834117477,0.12899359849992362,0.10545071214437485,,,,,,,
202,CAE+DBSCAN,0.604701042175293,2136,5,3,0.9648876404494382,0.39186615355926857,0.26004469101321226,0.2643525500998368,0.28872637240575755,0.24377357189708038,0.2643525500998368,0.37003710865974426,0.41354745626449585,0.6088069320922916,10.0,0.9480337078651685,2.0,,
202,DEC,0.9439667065938313,2136,5,2,0.9648876404494382,0.00046267758567877424,0.01687267108126832,0.019193756838140036,0.04444082040137977,0.012240094718683047,0.019193756838140032,0.1440328061580658,,,,,,2,0.8655141592025757
202,HDP-GPC,nan,2136,5,7,0.9817415730337079,0.13444039123428211,0.2412019484976946,0.24565635522390245,0.5102738626727679,0.16176721293274696,0.24565635522390245,0.06868573278188705,,,,,,,
203,CAE+DPGMM,0.8775223731994629,2980,5,17,0.9687919463087248,0.3645686557856058,0.41316102482467054,0.4161718416347573,0.8394924111114714,0.2766625843582435,0.41617184163475723,0.333761602640152,,,,,,,
203,CAE+DBSCAN,0.8552368601163228,2980,5,4,0.9332214765100671,0.5907278211514562,0.5086707452024786,0.5098855960036226,0.6885863222414977,0.40482588542240755,0.5098855960036227,0.5041311383247375,0.7019327282905579,0.29599250776131286,10.0,0.8271812080536913,3.0,,
203,DEC,1.3324625492095947,2980,5,2,0.8486577181208054,0.3504102574382633,0.3246057636566635,0.3256202445066446,0.3988049219037957,0.2751309697779325,0.3256202445066446,0.5244174599647522,,,,,,2,0.7643862962722778
203,HDP-GPC,nan,2980,5,7,0.9701342281879195,0.36644075826834277,0.4111710456177054,0.4130702771895445,0.7165307780956041,0.2901765664236708,0.4130702771895445,-0.0036061664577573538,,,,,,,
205,CAE+DPGMM,0.7599094192186991,2656,4,13,0.9947289156626506,0.8714074707899702,0.7456887783570898,0.7480105967610757,0.8972540226926544,0.6413350723816249,0.7480105967610758,0.46540567278862,,,,,,,
205,CAE+DBSCAN,0.745445466041565,2656,4,3,0.9845632530120482,0.8285282522856562,0.6764295382079524,0.6778934926434653,0.7452279655954822,0.62171860825385,0.6778934926434653,0.7658289670944214,0.8612605929374695,0.5285567821104604,10.0,0.9661144578313253,2.0,,
205,DEC,1.1654149969418843,2656,4,2,0.9947289156626506,0.9123153693409976,0.8700920500194733,0.8705149726622731,0.7768459423882522,0.9898695525410743,0.8705149726622731,0.8503209352493286,,,,,,2,0.8499565720558167
205,HDP-GPC,nan,2656,4,10,0.995105421686747,0.8236001266893405,0.7137334790693731,0.7162994197349261,0.9077714193623084,0.5915306197955685,0.716299419734926,0.4854779541492462,,,,,,,
207,CAE+DPGMM,0.6689677238464355,2332,6,36,0.9618353344768439,0.511710471763741,0.648958743688791,0.6560360307571547,0.9034378374243842,0.5150046541606095,0.6560360307571546,0.2213314324617386,,,,,,,
207,CAE+DBSCAN,0.6700257817904155,2332,6,3,0.7778730703259005,0.5824143121229165,0.47153134963264715,0.47281558287483283,0.3730380852475857,0.6454579536947506,0.47281558287483283,0.707662045955658,0.802397608757019,0.7954708709846832,5.0,0.9665523156089194,2.0,,
207,DEC,1.0379249970118205,2332,6,2,0.8014579759862779,0.6659253738797034,0.5578829567471342,0.5584244482450326,0.4239072469748163,0.8179969353217452,0.5584244482450327,0.7387279868125916,,,,,,2,0.7765412926673889
207,HDP-GPC,nan,2332,6,9,0.8966552315608919,0.7396112891375806,0.639667285572997,0.6420144752565444,0.7602524452443713,0.5556043255942178,0.6420144752565444,0.2638144791126251,,,,,,,
208,CAE+DPGMM,0.8538625478744507,2955,5,25,0.9705583756345177,0.7280636530631747,0.6731905794147498,0.6757686922186255,0.8851990191540451,0.546477020430666,0.6757686922186255,0.36614489555358887,,,,,,,
208,CAE+DBSCAN,0.8457309047381083,2955,5,8,0.8409475465313029,0.5751324284690358,0.5707713461702547,0.5721585589589908,0.6496343650396778,0.5111933196844408,0.5721585589589908,0.30167728662490845,0.6419391632080078,0.17715529621636472,10.0,0.727580372250423,7.0,,
208,DEC,1.3124146779378254,2955,5,3,0.9593908629441624,0.9091785587813713,0.8260158952720213,0.8262743439443485,0.8238581518452092,0.8287047500343625,0.8262743439443486,0.6015546321868896,,,,,,3,0.6951991319656372
208,HDP-GPC,nan,2955,5,17,0.9688663282571912,0.799040777836069,0.7096399787445264,0.7112376228277787,0.907826097975529,0.5846355993285682,0.7112376228277787,0.17044402658939362,,,,,,,
209,CAE+DPGMM,1.2956506848335265,3005,3,29,0.9121464226289517,0.04006596155006745,0.09774541057658674,0.10127554104081365,0.38247660591532506,0.05836496676681895,0.10127554104081367,0.08740566670894623,,,,,,,
209,CAE+DBSCAN,1.196108098824819,3005,3,3,0.881198003327787,0.3267736725017287,0.1548261211626988,0.15596201581450114,0.14044695396430715,0.17533065164235453,0.15596201581450117,0.3264002203941345,0.40285220742225647,0.9046098724611275,10.0,0.9178036605657238,2.0,,
209,DEC,1.7078362663586935,3005,3,3,0.8722129783693844,0.044404107069826546,0.047885824713444915,0.04878675802412725,0.09293274793376766,0.03307506005155389,0.04878675802412725,0.2347652167081833,,,,,,3,0.2931099236011505
209,HDP-GPC,nan,3005,3,6,0.8911813643926789,0.2060564979614868,0.16500434622650023,0.16742222520774488,0.10763374639791486,0.37663665055711143,0.16742222520774488,0.4154638648033142,,,,,,,
210,CAE+DPGMM,0.7760466774304708,2649,5,31,0.9898074745186863,0.8202737184990588,0.6337308126658528,0.6392869808645831,0.8791266577904517,0.5022619621518023,0.6392869808645831,0.4252694547176361,,,,,,,
210,CAE+DBSCAN,0.768528175354004,2649,5,3,0.9161947904869762,0.5878900952101072,0.45720664588429016,0.45864807766559623,0.5358265021119674,0.4009034585345152,0.4586480776655963,0.6105372905731201,0.933647632598877,0.15950666635883284,5.0,0.8414496036240091,2.0,,
210,DEC,1.2391154408454894,2649,5,2,0.9784824462061155,0.8780659007206004,0.7342896878369035,0.7349327628237229,0.6487263755364927,0.8475614688351113,0.7349327628237229,0.8876600861549377,,,,,,2,0.9065533876419067
210,HDP-GPC,nan,2649,5,9,0.981124952812382,0.6695909421667161,0.5573407022272351,0.5605860809255724,0.769142862459969,0.44100535945453945,0.5605860809255724,0.3613021671772003,,,,,,,
212,CAE+DPGMM,0.8481619914372762,2747,2,21,1.0,0.45810511383514857,0.553811277877913,0.5554557509409777,0.9999999999999997,0.38451972052971184,0.5554557509409777,0.014292757958173752,,,,,,,
212,CAE+DBSCAN,0.7962807734807333,2747,2,3,0.9719694211867492,0.7227968330234544,0.7143335749479314,0.7144641850408456,0.8925793818853739,0.5956096288630488,0.7144641850408456,0.3344663381576538,0.5003094673156738,0.4540567602522725,10.0,0.8667637422642883,2.0,,
212,DEC,1.2580131928126017,2747,2,2,0.9989078995267565,0.9955842089672278,0.9879038384854132,0.9879072894205215,0.9884824478157705,0.9873327999593721,0.9879072894205215,0.45972684025764465,,,,,,2,0.4599229395389557
212,HDP-GPC,nan,2747,2,3,1.0,0.9075130266387208,0.899730513399434,0.8997821541792512,0.999999999999999,0.8178218137409194,0.8997821541792512,0.25635871291160583,,,,,,,
213,CAE+DPGMM,1.1120635708173117,3250,5,18,0.952,0.7693215343991429,0.5906197390572174,0.5941705478465262,0.7013506879087807,0.5154063494561358,0.5941705478465261,0.28100162744522095,,,,,,,
213,CAE+DBSCAN,1.1183107852935792,3250,5,4,0.8332307692307692,0.2515509429262726,0.17760173188779943,0.18041590613166994,0.1275472199326684,0.30814139094905135,0.18041590613166997,0.6318593621253967,0.7131683826446533,0.33703350819391714,10.0,0.9649230769230769,3.0,,
213,DEC,3.002582323551178,3250,5,2,0.8123076923076923,0.17628570999395482,0.21705197632267995,0.21783673272550347,0.22577043359119067,0.21044169250073722,0.2178367327255035,0.23442335426807404,,,,,,2,0.755305290222168
213,HDP-GPC,nan,3250,5,15,0.9612307692307692,0.47192790187356587,0.49496353630655066,0.4984613118352699,0.7449782849420146,0.3745281181997589,0.49846131183527,0.09000873565673828,,,,,,,
214,CAE+DPGMM,0.6442210952440897,2262,4,23,0.9964633068081344,0.8391105568453893,0.6613705431460013,0.6646632309519983,0.956612794722125,0.5092459712447547,0.6646632309519983,0.36056089401245117,,,,,,,
214,CAE+DBSCAN,0.6439233382542927,2262,4,3,0.8903625110521662,0.526143683648808,0.4433699936281893,0.444583941380667,0.5570728253294196,0.36989216809906234,0.4445839413806669,0.5034654140472412,0.7920474410057068,0.22235178802826766,5.0,0.7811671087533156,2.0,,
214,DEC,0.9992736220359801,2262,4,2,0.9964633068081344,0.9810581370837573,0.9491302052897399,0.9492107541093349,0.930360329435746,0.9688408488852853,0.9492107541093349,0.7219960689544678,,,,,,2,0.7804892063140869
214,HDP-GPC,nan,2262,4,12,0.9960212201591512,0.3554812788092497,0.47896533412890574,0.4814985028930417,0.9319925435124782,0.324598458718871,0.4814985028930417,0.05537290871143341,,,,,,,
215,CAE+DPGMM,1.309589445590973,3363,4,17,0.9970264644662503,0.16056117989469035,0.27748401522234994,0.28078589400212656,0.9534078153880309,0.16463626693781747,0.28078589400212656,0.01168414019048214,,,,,,,
215,CAE+DBSCAN,1.2515353520711263,3363,4,3,0.976211715730003,0.7749148066060125,0.636909568514825,0.6376664925352181,0.794578104822064,0.532507944160127,0.637666492535218,0.6271429657936096,0.7477743029594421,0.6183730922685412,10.0,0.9491525423728814,2.0,,
215,DEC,3.2939071933428448,3363,4,2,0.9503419565863812,0.011046548783895969,0.07544595220643044,0.07660500242008336,0.16937097697640147,0.049495746499324186,0.07660500242008336,0.1605815589427948,,,,,,2,0.7479209899902344
215,HDP-GPC,nan,3363,4,16,0.9985132322331252,0.9733265567919702,0.784085326117691,0.7858223019455807,0.968431486171318,0.6611539273214475,0.7858223019455808,0.47058624029159546,,,,,,,
217,CAE+DPGMM,0.632184104124705,2208,4,25,0.9990942028985508,0.8414106956290185,0.7607913515751779,0.763892433350058,0.9973434348803156,0.6190010945924395,0.763892433350058,0.26039808988571167,,,,,,,
217,CAE+DBSCAN,0.6339850266774495,2208,4,4,0.886322463768116,0.7377122337352089,0.6945730401873443,0.6952191264686542,0.721239191512889,0.6710111334167441,0.6952191264686542,0.469495952129364,0.7748949527740479,0.22220077513459952,5.0,0.7685688405797102,3.0,,
217,DEC,0.9927290042241415,2208,4,4,0.967391304347826,0.9659942762826897,0.8757173226343467,0.8759893348334984,0.8773551777274973,0.8746277379442436,0.8759893348334984,0.626425564289093,,,,,,4,0.6434603929519653
217,HDP-GPC,nan,2208,4,11,0.9836956521739131,0.6025946275594146,0.7069908723265114,0.7086891453620877,0.9330423323771943,0.5713146128872438,0.7086891453620877,0.23222357034683228,,,,,,,
219,CAE+DPGMM,0.640990682442983,2154,4,11,0.9944289693593314,0.08667780907833847,0.21589134990999326,0.21967855375192222,0.8361399299981693,0.1264503961043009,0.21967855375192225,0.28629910945892334,,,,,,,
219,CAE+DBSCAN,0.6183640241622925,2154,4,3,0.9716805942432684,0.33365057377144525,0.27260557292250337,0.275136808041769,0.47182828833311413,0.19418622348729572,0.27513680804176904,0.4563922882080078,0.8358421325683594,0.5078281842497376,10.0,0.8853296193129062,2.0,,
219,DEC,0.9720500826835632,2154,4,2,0.9665738161559888,-0.007487720664351715,0.03809834556246982,0.039937165094953604,0.10594624559718321,0.02460634862312448,0.039937165094953604,0.10168368369340897,,,,,,2,0.8105033040046692
219,HDP-GPC,nan,2154,4,12,0.9958217270194986,0.3340804190763984,0.3981641320365949,0.4025181551066429,0.85423189832695,0.26329108716993016,0.40251815510664285,0.1037057414650917,,,,,,,
220,CAE+DPGMM,0.6765839338302613,2048,2,13,0.9658203125,0.0955561555468239,0.1463843165828609,0.14909261192245135,0.5590693635747453,0.08601562954684819,0.14909261192245138,0.14958487451076508,,,,,,,
220,CAE+DBSCAN,0.5771421591440836,2048,2,3,0.95556640625,0.5518777457471247,0.3954701023685006,0.39652277474503,0.5390969647231351,0.3135884844684806,0.39652277474503,0.2842285931110382,0.41994985938072205,0.5945904218831545,5.0,0.90966796875,2.0,,
220,DEC,0.9111381610234579,2048,2,3,0.9541015625,-0.0009357664425007908,0.0032502839624533836,0.004010213418041608,0.009503633226370234,0.0025412724350815266,0.004010213418041608,0.3216764032840729,,,,,,3,0.3302183449268341
220,HDP-GPC,nan,2048,2,3,0.9541015625,0.045254042306727575,0.00616398275307659,0.007240317534742874,0.012140093877543362,0.005158380518066416,0.007240317534742873,0.21125677227973938,,,,,,,
221,CAE+DPGMM,0.6977989395459493,2427,2,10,1.0,0.9589856041121837,0.9047541572116853,0.9051307703568042,1.0000000000000016,0.8267021721413924,0.9051307703568041,0.11583060771226883,,,,,,,
221,CAE+DBSCAN,0.6855393608411153,2427,2,3,0.9777503090234858,0.8743254553284465,0.747388716935963,0.7475873818664431,0.8846565758902225,0.6472951088200212,0.7475873818664431,0.5862191915512085,0.7135211229324341,0.3359601002078795,10.0,0.9064688916357643,2.0,,
221,DEC,1.072556213537852,2427,2,3,0.99958796868562,0.9943175786510544,0.9701558147064023,0.9701849920951479,0.9920196927494059,0.949290769986454,0.9701849920951479,0.7034222483634949,,,,,,3,0.7034283876419067
221,HDP-GPC,nan,2427,2,7,1.0,0.96164240824797,0.8343120242059578,0.8347182567199514,0.9999999999999999,0.7163231223123574,0.8347182567199514,0.5914748907089233,,,,,,,
222,CAE+DPGMM,0.8208723346392314,2483,4,36,0.8417237213048732,0.020793891914682117,0.08855193244842213,0.09663379819864584,0.2706434223459848,0.058817323000541835,0.09663379819864584,0.13364408910274506,,,,,,,
222,CAE+DBSCAN,0.7116649746894836,2483,4,3,0.8304470398711237,-0.10770780185683175,0.03389826198744123,0.03589365818076664,0.03159184563393191,0.041551686832509954,0.03589365818076663,0.2694672644138336,0.37815213203430176,0.9244518314306711,10.0,0.8562223117196939,2.0,,
222,DEC,1.115072524547577,2483,4,11,0.8304470398711237,0.019554470083750657,0.07140035286176091,0.07486545266627465,0.17289991421234388,0.04777625691547275,0.07486545266627463,0.19172872602939606,,,,,,11,0.23433783650398254
222,HDP-GPC,nan,2483,4,4,0.8304470398711237,-0.017429887564546914,0.002191564538185923,0.00499419406226761,0.003745710003829535,0.007491033278195984,0.004994194062267611,0.22283384203910828,,,,,,,
223,CAE+DPGMM,0.7382462541262308,2605,6,22,0.9512476007677543,0.6237518857870301,0.5225656156345239,0.5279741504191543,0.6934071363408023,0.42627380139121873,0.5279741504191542,0.28183475136756897,,,,,,,
223,CAE+DBSCAN,0.7455323457717895,2605,6,3,0.9101727447216891,0.6345949386206345,0.4662949946072357,0.4679832145498546,0.4146538852721028,0.5370547197413815,0.4679832145498546,0.6609847545623779,0.7758814096450806,0.32956853748298803,10.0,0.9017274472168906,2.0,,
223,DEC,1.1604879975318907,2605,6,2,0.9071017274472168,0.6194289960182622,0.5121555066694421,0.5130599256656149,0.4057405398403993,0.6975685483725792,0.5130599256656148,0.7239552140235901,,,,,,2,0.8703134655952454
223,HDP-GPC,nan,2605,6,11,0.9516314779270634,0.5916008857045981,0.505721394924718,0.5095214877610826,0.6759068392814506,0.40887124693716453,0.5095214877610826,0.19475378096103668,,,,,,,
228,CAE+DPGMM,0.6714162747065227,2053,3,19,0.9965903555772041,0.26894543786770475,0.43048636785829014,0.43364557399622816,0.9664057121993916,0.2795404922460103,0.4336455739962282,0.227585569024086,,,,,,,
228,CAE+DBSCAN,0.621312948067983,2053,3,4,0.9712615684364345,0.4472520025472556,0.5199426758657177,0.5208461042170125,0.797823735355054,0.386623423979629,0.5208461042170126,0.3565038740634918,0.723291277885437,0.3782921856273991,10.0,0.7545056015586946,3.0,,
228,DEC,0.996117087205251,2053,3,4,0.9926936190940088,0.9434393313418001,0.8218230397229336,0.8222151429963722,0.9256974458519246,0.7395427851824646,0.8222151429963721,0.6438099145889282,,,,,,4,0.6433267593383789
228,HDP-GPC,nan,2053,3,14,0.9985387238188017,0.1958425455631823,0.4224622611932393,0.42490506389218696,0.9779810729975466,0.2714132054022542,0.424905063892187,0.11055359244346619,,,,,,,
230,CAE+DPGMM,0.8005879720052084,2256,2,11,1.0,0.0007133740839863374,0.004591029541589389,0.005472907015195655,1.00000000000014,0.0027439622326741434,0.005472907015195655,0.2064245492219925,,,,,,,
230,CAE+DBSCAN,0.754285474618276,2256,2,3,0.9995567375886525,0.0003890156156709712,0.0003870207591285996,0.0012703503380991229,0.1747096665970893,0.0006374928405938952,0.0012703503380991229,0.32328787446022034,0.6571481823921204,0.34844368852705404,10.0,0.7819148936170213,2.0,,
230,DEC,1.1742757439613343,2256,2,2,0.9995567375886525,-0.00028160710288841585,-0.00020266470338530407,0.0006792816183650107,0.05966304781840451,0.00034158533470923737,0.0006792816183650107,0.6169115304946899,,,,,,2,0.6169115304946899
230,HDP-GPC,nan,2256,2,4,1.0,0.0009168311949274053,0.006187488371809718,0.007066129125388741,1.0000000000002478,0.0035455913659030343,0.00706612912538874,0.2865731120109558,,,,,,,
231,CAE+DPGMM,0.4987538019816081,1571,4,12,0.9987269255251432,0.16649075133359428,0.4133414695394932,0.4165397234702913,0.9838771871812403,0.2641955007590274,0.41653972347029133,0.20018334686756134,,,,,,,
231,CAE+DBSCAN,0.4722787857055664,1571,4,3,0.9656269891788669,0.6058141999750446,0.6072472343851847,0.608301356531535,0.8168124704830934,0.4845964155800686,0.608301356531535,0.3272976577281952,0.6530925631523132,0.35118846963802886,10.0,0.8338637810311903,2.0,,
231,DEC,0.74369588692983,1571,4,2,0.9974538510502864,0.9936004622448229,0.9779766984073563,0.9780197886344749,0.9666080866301837,0.9897041611486859,0.9780197886344749,0.6149193048477173,,,,,,2,0.6149193048477173
231,HDP-GPC,nan,1571,4,4,0.9987269255251432,0.9264189887515061,0.9038655079799925,0.9041827705155957,0.9816292417116508,0.8380630738411732,0.9041827705155957,0.25918227434158325,,,,,,,
232,CAE+DPGMM,0.5714119156201681,1780,3,14,0.7769662921348315,-0.0020865533766791498,0.0012127368150642779,0.006046728614671952,0.010806570278387514,0.004197781606437492,0.006046728614671951,0.16515760123729706,,,,,,,
232,CAE+DBSCAN,0.5226326187451681,1780,3,3,0.7764044943820225,-0.008969954618629422,0.002300494456131819,0.004058644774375318,0.003755069091652893,0.004415622381552784,0.004058644774375319,0.16340361535549164,0.29057496786117554,0.5961151681914518,5.0,0.8438202247191011,2.0,,
232,DEC,0.8418191591898601,1780,3,2,0.7764044943820225,-0.00035697928766406515,0.0005996821691911613,0.0016911588371080677,0.00193987962599703,0.0014989691814536483,0.0016911588371080679,0.2941582202911377,,,,,,2,0.30331510305404663
232,HDP-GPC,nan,1780,3,2,0.7764044943820225,-0.0023885424510517216,0.00030278388347574476,0.001558809605713668,0.0007975255306058272,0.034302994756359347,0.0015588096057136678,0.8643491864204407,,,,,,,
233,CAE+DPGMM,0.9133006175359091,3078,4,20,0.9935022742040286,0.7856812238838352,0.660821900596627,0.6629243989797714,0.9608790585795158,0.5060161347778306,0.6629243989797715,0.41903096437454224,,,,,,,
233,CAE+DBSCAN,0.9273255705833435,3078,4,5,0.9463937621832359,0.7553164452205495,0.6272151024199943,0.6280395576075004,0.7669187026693736,0.5317469940470649,0.6280395576075004,0.5647744536399841,0.9203637838363647,0.10726657756028904,10.0,0.7871994801819363,4.0,,
233,DEC,1.415841237703959,3078,4,4,0.9896036387264457,0.8887475726403599,0.7635365758713559,0.7640261081759061,0.8948553894236858,0.666572193297998,0.764026108175906,0.8301864862442017,,,,,,4,0.8322203159332275
233,HDP-GPC,nan,3078,4,21,0.9938271604938271,0.7860509514663038,0.6150840611700462,0.6175890109971367,0.9608299123304718,0.455035101679395,0.6175890109971368,0.13048096001148224,,,,,,,
234,CAE+DPGMM,0.8856765707333883,2753,3,16,0.9891027969487831,0.009994016658714846,0.04628783257962266,0.049512266598409266,0.48129427402649316,0.026098553748351908,0.049512266598409266,0.17691156268119812,,,,,,,
234,CAE+DBSCAN,0.8203251918156942,2753,3,3,0.982564475118053,0.3749357506851733,0.21979183140925193,0.222157394136452,0.2950894919906543,0.17813170310287813,0.22215739413645202,0.5540182590484619,0.6269882917404175,0.890268390848265,5.0,0.9651289502361061,2.0,,
234,DEC,1.2941423058509827,2753,3,3,0.9807482746095169,-0.00265154815855087,0.012122452400538481,0.013692774089300816,0.0613261041326904,0.007706762576509532,0.013692774089300818,0.249905064702034,,,,,,3,0.32647132873535156
234,HDP-GPC,nan,2753,3,4,0.9865601162368326,0.5193656605257997,0.40204433257290695,0.4043380465544528,0.3192416758254151,0.5512882503831819,0.4043380465544528,0.5967235565185547,,,,,,,
